"store_type","total_sales","average_percentage_of_total_sales","order_count"
"Super Store",1045045.1899999995,1396.811594202898,"1380"
"Web Portal",1067.77,119.44444444444444,"36"
"Local",4200344.2700000005,4511.449942462599,"1738"
"Outlet",508029.40999999957,804.1048034934498,"1145"
"Mall Kiosk",705645.8999999993,1033.1761006289307,"1272"
